project,fy_label,quarter,period_start,spend_cr
Park Square,FY 18,1,2018-04-01,0.594
Park Square,FY 18,2,2018-07-01,2.0442
Park Square,FY 18,3,2018-10-01,2.9086
Park Square,FY 18,4,2019-01-01,3.4732
Park Square,FY 19,1,2019-04-01,1.5174
Park Square,FY 19,2,2019-07-01,1.1078
Park Square,FY 19,3,2019-10-01,0.8413
Park Square,FY 19,4,2020-01-01,0.6806
Park Square,FY 20,1,2020-04-01,-0.187
Park Square,FY 20,2,2020-07-01,1.1199
Park Square,FY 20,3,2020-10-01,0.8576
Park Square,FY 20,4,2021-01-01,1.1023
Park Square,FY 21,1,2021-04-01,0.321
Park Square,FY 21,2,2021-07-01,0.7259
Park Square,FY 21,3,2021-10-01,0.7536
Park Square,FY 21,4,2022-01-01,1.3154
Park Square,FY 22,1,2022-04-01,6.6867
Park Square,FY 22,2,2022-07-01,1.3119
Park Square,FY 22,3,2022-10-01,2.7112
Park Square,FY 22,4,2023-01-01,2.2047
Park Square,FY 23,1,2023-04-01,0.84
Park Square,FY 23,2,2023-07-01,1.0792
Park Square,FY 23,3,2023-10-01,0.9984
Park Square,FY 23,4,2024-01-01,2.6035
Park Square,FY 24,1,2024-04-01,4.3886
Park Square,FY 24,2,2024-07-01,2.0471
"Sunworth - Equinox (NPQR, KLM)",FY 18,1,2018-04-01,0.0
"Sunworth - Equinox (NPQR, KLM)",FY 18,2,2018-07-01,0.0
"Sunworth - Equinox (NPQR, KLM)",FY 18,3,2018-10-01,0.0
"Sunworth - Equinox (NPQR, KLM)",FY 18,4,2019-01-01,0.0
"Sunworth - Equinox (NPQR, KLM)",FY 19,1,2019-04-01,0.0794
"Sunworth - Equinox (NPQR, KLM)",FY 19,2,2019-07-01,0.594
"Sunworth - Equinox (NPQR, KLM)",FY 19,3,2019-10-01,1.9683
"Sunworth - Equinox (NPQR, KLM)",FY 19,4,2020-01-01,1.9939
"Sunworth - Equinox (NPQR, KLM)",FY 20,1,2020-04-01,0.2871
"Sunworth - Equinox (NPQR, KLM)",FY 20,2,2020-07-01,1.3464
"Sunworth - Equinox (NPQR, KLM)",FY 20,3,2020-10-01,1.9107
"Sunworth - Equinox (NPQR, KLM)",FY 20,4,2021-01-01,1.9803
"Sunworth - Equinox (NPQR, KLM)",FY 21,1,2021-04-01,0.2405
"Sunworth - Equinox (NPQR, KLM)",FY 21,2,2021-07-01,1.2541
"Sunworth - Equinox (NPQR, KLM)",FY 21,3,2021-10-01,1.9154
"Sunworth - Equinox (NPQR, KLM)",FY 21,4,2022-01-01,1.1906
"Sunworth - Equinox (NPQR, KLM)",FY 22,1,2022-04-01,0.7814
"Sunworth - Equinox (NPQR, KLM)",FY 22,2,2022-07-01,0.7314
"Sunworth - Equinox (NPQR, KLM)",FY 22,3,2022-10-01,1.3681
"Sunworth - Equinox (NPQR, KLM)",FY 22,4,2023-01-01,1.1447
"Sunworth - Equinox (NPQR, KLM)",FY 23,1,2023-04-01,1.448
"Sunworth - Equinox (NPQR, KLM)",FY 23,2,2023-07-01,0.982
"Sunworth - Equinox (NPQR, KLM)",FY 23,3,2023-10-01,0.727
"Sunworth - Equinox (NPQR, KLM)",FY 23,4,2024-01-01,1.3832
"Sunworth - Equinox (NPQR, KLM)",FY 24,1,2024-04-01,0.9523
"Sunworth - Equinox (NPQR, KLM)",FY 24,2,2024-07-01,0.3592
Sunworth - Future (GHJK),FY 18,1,2018-04-01,0.0
Sunworth - Future (GHJK),FY 18,2,2018-07-01,0.0
Sunworth - Future (GHJK),FY 18,3,2018-10-01,0.0
Sunworth - Future (GHJK),FY 18,4,2019-01-01,0.0
Sunworth - Future (GHJK),FY 21,1,2021-04-01,0.0
Sunworth - Future (GHJK),FY 21,2,2021-07-01,0.0
Sunworth - Future (GHJK),FY 21,3,2021-10-01,0.0
Sunworth - Future (GHJK),FY 21,4,2022-01-01,0.0
Sunworth - Future (GHJK),FY 23,1,2023-04-01,0.0603
Sunworth - Future (GHJK),FY 23,2,2023-07-01,0.0006
Sunworth - Future (GHJK),FY 23,3,2023-10-01,0.0
Sunworth - Future (GHJK),FY 23,4,2024-01-01,0.0
Sunworth - Future (GHJK),FY 24,1,2024-04-01,0.0578
Sunworth - Future (GHJK),FY 24,2,2024-07-01,0.0
Deansgate (1),FY 18,1,2018-04-01,0.0
Deansgate (1),FY 18,2,2018-07-01,0.0
Deansgate (1),FY 18,3,2018-10-01,0.0
Deansgate (1),FY 18,4,2019-01-01,0.0
Deansgate (1),FY 19,1,2019-04-01,0.0
Deansgate (1),FY 19,2,2019-07-01,0.0
Deansgate (1),FY 19,3,2019-10-01,0.0
Deansgate (1),FY 19,4,2020-01-01,0.0
Deansgate (1),FY 20,1,2020-04-01,0.0
Deansgate (1),FY 20,2,2020-07-01,0.0
Deansgate (1),FY 20,3,2020-10-01,0.0
Deansgate (1),FY 20,4,2021-01-01,0.0
Deansgate (1),FY 21,1,2021-04-01,0.0
Deansgate (1),FY 21,2,2021-07-01,0.0
Deansgate (1),FY 21,3,2021-10-01,0.0
Deansgate (1),FY 21,4,2022-01-01,0.0
Deansgate (1),FY 22,1,2022-04-01,0.0
Deansgate (1),FY 22,2,2022-07-01,0.0
Deansgate (1),FY 22,3,2022-10-01,0.0
Deansgate (1),FY 22,4,2023-01-01,0.2075
Deansgate (1),FY 23,1,2023-04-01,0.1579
Deansgate (1),FY 23,2,2023-07-01,1.5773
Deansgate (1),FY 23,3,2023-10-01,3.1016
Deansgate (1),FY 23,4,2024-01-01,1.9226
Deansgate (1),FY 24,1,2024-04-01,2.8636
Deansgate (1),FY 24,2,2024-07-01,1.6985
Ecopolitan (1),FY 18,1,2018-04-01,0.0
Ecopolitan (1),FY 18,2,2018-07-01,0.0
Ecopolitan (1),FY 18,3,2018-10-01,0.0
Ecopolitan (1),FY 18,4,2019-01-01,0.0
Ecopolitan (1),FY 19,1,2019-04-01,0.0
Ecopolitan (1),FY 19,2,2019-07-01,0.0
Ecopolitan (1),FY 19,3,2019-10-01,0.0
Ecopolitan (1),FY 19,4,2020-01-01,0.0
Ecopolitan (1),FY 20,1,2020-04-01,0.0
Ecopolitan (1),FY 20,2,2020-07-01,0.0
Ecopolitan (1),FY 20,3,2020-10-01,0.0
Ecopolitan (1),FY 20,4,2021-01-01,0.0
Ecopolitan (1),FY 21,1,2021-04-01,0.0
Ecopolitan (1),FY 21,2,2021-07-01,0.0
Ecopolitan (1),FY 21,3,2021-10-01,0.0
Ecopolitan (1),FY 21,4,2022-01-01,0.0
Ecopolitan (1),FY 22,1,2022-04-01,0.0
Ecopolitan (1),FY 22,2,2022-07-01,0.0
Ecopolitan (1),FY 22,3,2022-10-01,0.0
Ecopolitan (1),FY 22,4,2023-01-01,0.0
Ecopolitan (1),FY 23,1,2023-04-01,0.2018
Ecopolitan (1),FY 23,2,2023-07-01,2.7292
Ecopolitan (1),FY 23,3,2023-10-01,7.0026
Ecopolitan (1),FY 23,4,2024-01-01,7.8224
Ecopolitan (1),FY 24,1,2024-04-01,3.2439
Ecopolitan (1),FY 24,2,2024-07-01,2.1438
Winworth,FY 18,1,2018-04-01,0.0
Winworth,FY 18,2,2018-07-01,0.0
Winworth,FY 18,3,2018-10-01,0.0
Winworth,FY 18,4,2019-01-01,0.0
Winworth,FY 19,1,2019-04-01,0.0
Winworth,FY 19,2,2019-07-01,0.0
Winworth,FY 19,3,2019-10-01,0.0
Winworth,FY 19,4,2020-01-01,0.0
Winworth,FY 20,1,2020-04-01,0.0
Winworth,FY 20,2,2020-07-01,0.0
Winworth,FY 20,3,2020-10-01,0.0
Winworth,FY 20,4,2021-01-01,0.0
Winworth,FY 21,1,2021-04-01,0.0095
Winworth,FY 21,2,2021-07-01,0.0
Winworth,FY 21,3,2021-10-01,0.0355
Winworth,FY 21,4,2022-01-01,3.3849
Winworth,FY 22,1,2022-04-01,1.7967
Winworth,FY 22,2,2022-07-01,3.4793
Winworth,FY 22,3,2022-10-01,2.0447
Winworth,FY 22,4,2023-01-01,2.9202
Winworth,FY 23,1,2023-04-01,2.0211
Winworth,FY 23,2,2023-07-01,2.1076
Winworth,FY 23,3,2023-10-01,2.1058
Winworth,FY 23,4,2024-01-01,2.2799
Winworth,FY 24,1,2024-04-01,0.988
Winworth,FY 24,2,2024-07-01,1.2726
Adora De Goa (incl. owner share),FY 18,1,2018-04-01,3.5356
Adora De Goa (incl. owner share),FY 18,2,2018-07-01,6.9088
Adora De Goa (incl. owner share),FY 18,3,2018-10-01,1.863
Adora De Goa (incl. owner share),FY 18,4,2019-01-01,4.7156
Adora De Goa (incl. owner share),FY 19,1,2019-04-01,3.1594
Adora De Goa (incl. owner share),FY 19,2,2019-07-01,2.3562
Adora De Goa (incl. owner share),FY 19,3,2019-10-01,2.22
Adora De Goa (incl. owner share),FY 19,4,2020-01-01,1.3337
Adora De Goa (incl. owner share),FY 20,1,2020-04-01,0.5245
Adora De Goa (incl. owner share),FY 20,2,2020-07-01,0.8243
Adora De Goa (incl. owner share),FY 20,3,2020-10-01,0.6197
Adora De Goa (incl. owner share),FY 20,4,2021-01-01,0.6548
Adora De Goa (incl. owner share),FY 21,1,2021-04-01,0.2971
Adora De Goa (incl. owner share),FY 21,2,2021-07-01,0.4779
Adora De Goa (incl. owner share),FY 21,3,2021-10-01,1.0152
Adora De Goa (incl. owner share),FY 21,4,2022-01-01,0.8012
Adora De Goa (incl. owner share),FY 22,1,2022-04-01,0.5515
Adora De Goa (incl. owner share),FY 22,2,2022-07-01,0.8904
Adora De Goa (incl. owner share),FY 22,3,2022-10-01,1.0423
Adora De Goa (incl. owner share),FY 22,4,2023-01-01,1.0403
Adora De Goa (incl. owner share),FY 23,1,2023-04-01,0.5843
Adora De Goa (incl. owner share),FY 23,2,2023-07-01,0.5488
Adora De Goa (incl. owner share),FY 23,3,2023-10-01,0.9393
Adora De Goa (incl. owner share),FY 23,4,2024-01-01,1.3289
Adora De Goa (incl. owner share),FY 24,1,2024-04-01,1.173
Adora De Goa (incl. owner share),FY 24,2,2024-07-01,0.804
Neora,FY 18,1,2018-04-01,0.0
Neora,FY 18,2,2018-07-01,0.0463
Neora,FY 18,3,2018-10-01,1.6209
Neora,FY 18,4,2019-01-01,2.0354
Neora,FY 19,1,2019-04-01,0.8382
Neora,FY 19,2,2019-07-01,0.5946
Neora,FY 19,3,2019-10-01,0.6251
Neora,FY 19,4,2020-01-01,0.4917
Neora,FY 20,1,2020-04-01,0.2494
Neora,FY 20,2,2020-07-01,0.2936
Neora,FY 20,3,2020-10-01,0.4354
Neora,FY 20,4,2021-01-01,0.5895
Neora,FY 21,1,2021-04-01,0.049
Neora,FY 21,2,2021-07-01,0.3032
Neora,FY 21,3,2021-10-01,0.3624
Neora,FY 21,4,2022-01-01,0.4666
Neora,FY 22,1,2022-04-01,0.1206
Neora,FY 22,2,2022-07-01,0.1045
Neora,FY 22,3,2022-10-01,0.3726
Neora,FY 22,4,2023-01-01,0.1816
Neora,FY 23,1,2023-04-01,0.1618
Neora,FY 23,2,2023-07-01,0.1818
Neora,FY 23,3,2023-10-01,0.1349
Neora,FY 23,4,2024-01-01,0.0632
Neora,FY 24,1,2024-04-01,0.2463
Neora,FY 24,2,2024-07-01,0.2506
Capella (inc LO),FY 18,1,2018-04-01,0.0
Capella (inc LO),FY 18,2,2018-07-01,0.0
Capella (inc LO),FY 18,3,2018-10-01,0.0
Capella (inc LO),FY 18,4,2019-01-01,0.0
Capella (inc LO),FY 19,1,2019-04-01,0.0401
Capella (inc LO),FY 19,2,2019-07-01,0.5458
Capella (inc LO),FY 19,3,2019-10-01,2.5243
Capella (inc LO),FY 19,4,2020-01-01,2.4199
Capella (inc LO),FY 20,1,2020-04-01,0.3051
Capella (inc LO),FY 20,2,2020-07-01,0.6257
Capella (inc LO),FY 20,3,2020-10-01,1.0781
Capella (inc LO),FY 20,4,2021-01-01,2.0121
Capella (inc LO),FY 21,1,2021-04-01,0.2171
Capella (inc LO),FY 21,2,2021-07-01,1.3287
Capella (inc LO),FY 21,3,2021-10-01,1.6556
Capella (inc LO),FY 21,4,2022-01-01,1.2875
Capella (inc LO),FY 22,1,2022-04-01,0.8072
Capella (inc LO),FY 22,2,2022-07-01,0.7192
Capella (inc LO),FY 22,3,2022-10-01,1.2455
Capella (inc LO),FY 22,4,2023-01-01,1.214
Capella (inc LO),FY 23,1,2023-04-01,0.9441
Capella (inc LO),FY 23,2,2023-07-01,1.0961
Capella (inc LO),FY 23,3,2023-10-01,0.777
Capella (inc LO),FY 23,4,2024-01-01,0.6231
Capella (inc LO),FY 24,1,2024-04-01,0.4658
Capella (inc LO),FY 24,2,2024-07-01,0.4254
Botanico* (incl. owner share),FY 18,1,2018-04-01,0.0
Botanico* (incl. owner share),FY 18,2,2018-07-01,0.0
Botanico* (incl. owner share),FY 18,3,2018-10-01,0.0
Botanico* (incl. owner share),FY 18,4,2019-01-01,0.0
Botanico* (incl. owner share),FY 19,1,2019-04-01,0.0
Botanico* (incl. owner share),FY 19,2,2019-07-01,0.0
Botanico* (incl. owner share),FY 19,3,2019-10-01,0.0
Botanico* (incl. owner share),FY 19,4,2020-01-01,0.0
Botanico* (incl. owner share),FY 20,1,2020-04-01,0.0
Botanico* (incl. owner share),FY 20,2,2020-07-01,0.0
Botanico* (incl. owner share),FY 20,3,2020-10-01,0.0
Botanico* (incl. owner share),FY 20,4,2021-01-01,0.0
Botanico* (incl. owner share),FY 21,1,2021-04-01,0.0
Botanico* (incl. owner share),FY 21,2,2021-07-01,0.0185
Botanico* (incl. owner share),FY 21,3,2021-10-01,0.0
Botanico* (incl. owner share),FY 21,4,2022-01-01,0.3944
Botanico* (incl. owner share),FY 22,1,2022-04-01,0.0959
Botanico* (incl. owner share),FY 22,2,2022-07-01,0.1843
Botanico* (incl. owner share),FY 22,3,2022-10-01,-0.0018
Botanico* (incl. owner share),FY 22,4,2023-01-01,0.1974
Botanico* (incl. owner share),FY 23,1,2023-04-01,0.0737
Botanico* (incl. owner share),FY 23,2,2023-07-01,0.0955
Botanico* (incl. owner share),FY 23,3,2023-10-01,0.7193
Botanico* (incl. owner share),FY 23,4,2024-01-01,0.7864
Botanico* (incl. owner share),FY 24,1,2024-04-01,3.8824
Botanico* (incl. owner share),FY 24,2,2024-07-01,6.9068
Park Square,FY 18,1,2018-04-01,118.2894
Park Square,FY 18,2,2018-07-01,30.351
Park Square,FY 18,3,2018-10-01,18.4551
Park Square,FY 18,4,2019-01-01,71.7141
Park Square,FY 19,1,2019-04-01,24.1864
Park Square,FY 19,2,2019-07-01,11.6473
Park Square,FY 19,3,2019-10-01,13.0628
Park Square,FY 19,4,2020-01-01,10.1225
Park Square,FY 20,1,2020-04-01,4.96
Park Square,FY 20,2,2020-07-01,13.0583
Park Square,FY 20,3,2020-10-01,15.7665
Park Square,FY 20,4,2021-01-01,23.0751
Park Square,FY 21,1,2021-04-01,5.5219
Park Square,FY 21,2,2021-07-01,16.7542
Park Square,FY 21,3,2021-10-01,12.79
Park Square,FY 21,4,2022-01-01,21.6301
Park Square,FY 22,1,2022-04-01,34.609
Park Square,FY 22,2,2022-07-01,45.3494
Park Square,FY 22,3,2022-10-01,32.4821
Park Square,FY 22,4,2023-01-01,30.2629
Park Square,FY 23,1,2023-04-01,41.2919
Park Square,FY 23,2,2023-07-01,56.275
Park Square,FY 23,3,2023-10-01,55.8042
Park Square,FY 23,4,2024-01-01,87.8905
Park Square,FY 24,1,2024-04-01,63.2512
Park Square,FY 24,2,2024-07-01,45.4288
"Sunworth - Equinox (NPQR, KLM)",FY 18,1,2018-04-01,0.0
"Sunworth - Equinox (NPQR, KLM)",FY 18,2,2018-07-01,0.0
"Sunworth - Equinox (NPQR, KLM)",FY 18,3,2018-10-01,0.0
"Sunworth - Equinox (NPQR, KLM)",FY 18,4,2019-01-01,0.0
"Sunworth - Equinox (NPQR, KLM)",FY 19,1,2019-04-01,0.0
"Sunworth - Equinox (NPQR, KLM)",FY 19,2,2019-07-01,7.518
"Sunworth - Equinox (NPQR, KLM)",FY 19,3,2019-10-01,8.2999
"Sunworth - Equinox (NPQR, KLM)",FY 19,4,2020-01-01,2.6593
"Sunworth - Equinox (NPQR, KLM)",FY 20,1,2020-04-01,1.4054
"Sunworth - Equinox (NPQR, KLM)",FY 20,2,2020-07-01,10.5356
"Sunworth - Equinox (NPQR, KLM)",FY 20,3,2020-10-01,15.2013
"Sunworth - Equinox (NPQR, KLM)",FY 20,4,2021-01-01,19.4796
"Sunworth - Equinox (NPQR, KLM)",FY 21,1,2021-04-01,2.6689
"Sunworth - Equinox (NPQR, KLM)",FY 21,2,2021-07-01,4.3706
"Sunworth - Equinox (NPQR, KLM)",FY 21,3,2021-10-01,9.842
"Sunworth - Equinox (NPQR, KLM)",FY 21,4,2022-01-01,7.4599
"Sunworth - Equinox (NPQR, KLM)",FY 22,1,2022-04-01,11.41
"Sunworth - Equinox (NPQR, KLM)",FY 22,2,2022-07-01,10.0331
"Sunworth - Equinox (NPQR, KLM)",FY 22,3,2022-10-01,18.2544
"Sunworth - Equinox (NPQR, KLM)",FY 22,4,2023-01-01,25.336
"Sunworth - Equinox (NPQR, KLM)",FY 23,1,2023-04-01,30.5755
"Sunworth - Equinox (NPQR, KLM)",FY 23,2,2023-07-01,34.8732
"Sunworth - Equinox (NPQR, KLM)",FY 23,3,2023-10-01,30.8022
"Sunworth - Equinox (NPQR, KLM)",FY 23,4,2024-01-01,21.4372
"Sunworth - Equinox (NPQR, KLM)",FY 24,1,2024-04-01,46.945
"Sunworth - Equinox (NPQR, KLM)",FY 24,2,2024-07-01,26.4115
Sunworth - Future (GHJK),FY 18,1,2018-04-01,0.0
Sunworth - Future (GHJK),FY 18,2,2018-07-01,0.0
Sunworth - Future (GHJK),FY 18,3,2018-10-01,0.0
Sunworth - Future (GHJK),FY 18,4,2019-01-01,0.0
Sunworth - Future (GHJK),FY 19,1,2019-04-01,0.0
Sunworth - Future (GHJK),FY 19,2,2019-07-01,0.0
Sunworth - Future (GHJK),FY 19,3,2019-10-01,0.0
Sunworth - Future (GHJK),FY 19,4,2020-01-01,0.0
Sunworth - Future (GHJK),FY 20,1,2020-04-01,0.0
Sunworth - Future (GHJK),FY 20,2,2020-07-01,0.0
Sunworth - Future (GHJK),FY 20,3,2020-10-01,0.0
Sunworth - Future (GHJK),FY 20,4,2021-01-01,0.0
Sunworth - Future (GHJK),FY 21,1,2021-04-01,0.0
Sunworth - Future (GHJK),FY 21,2,2021-07-01,0.0
Sunworth - Future (GHJK),FY 21,3,2021-10-01,0.0
Sunworth - Future (GHJK),FY 21,4,2022-01-01,0.0
Sunworth - Future (GHJK),FY 22,1,2022-04-01,0.0
Sunworth - Future (GHJK),FY 22,2,2022-07-01,0.0
Sunworth - Future (GHJK),FY 22,3,2022-10-01,0.0
Sunworth - Future (GHJK),FY 22,4,2023-01-01,0.0
Sunworth - Future (GHJK),FY 23,1,2023-04-01,0.0
Sunworth - Future (GHJK),FY 23,2,2023-07-01,0.0
Sunworth - Future (GHJK),FY 23,3,2023-10-01,0.0
Sunworth - Future (GHJK),FY 23,4,2024-01-01,0.0
Sunworth - Future (GHJK),FY 24,1,2024-04-01,0.0
Sunworth - Future (GHJK),FY 24,2,2024-07-01,61.4531
Deansgate (1),FY 18,1,2018-04-01,0.0
Deansgate (1),FY 18,2,2018-07-01,0.0
Deansgate (1),FY 18,3,2018-10-01,0.0
Deansgate (1),FY 18,4,2019-01-01,0.0
Deansgate (1),FY 19,1,2019-04-01,0.0
Deansgate (1),FY 19,2,2019-07-01,0.0
Deansgate (1),FY 19,3,2019-10-01,0.0
Deansgate (1),FY 19,4,2020-01-01,0.0
Deansgate (1),FY 20,1,2020-04-01,0.0
Deansgate (1),FY 20,2,2020-07-01,0.0
Deansgate (1),FY 20,3,2020-10-01,0.0
Deansgate (1),FY 20,4,2021-01-01,0.0
Deansgate (1),FY 21,1,2021-04-01,0.0
Deansgate (1),FY 21,2,2021-07-01,0.0
Deansgate (1),FY 21,3,2021-10-01,0.0
Deansgate (1),FY 21,4,2022-01-01,0.0
Deansgate (1),FY 22,1,2022-04-01,0.0
Deansgate (1),FY 22,2,2022-07-01,0.0
Deansgate (1),FY 22,3,2022-10-01,0.0
Deansgate (1),FY 22,4,2023-01-01,0.0
Deansgate (1),FY 23,1,2023-04-01,0.0
Deansgate (1),FY 23,2,2023-07-01,0.0
Deansgate (1),FY 23,3,2023-10-01,58.8299
Deansgate (1),FY 23,4,2024-01-01,48.2817
Deansgate (1),FY 24,1,2024-04-01,23.7213
Deansgate (1),FY 24,2,2024-07-01,44.2589
Ecopolitan (1),FY 18,1,2018-04-01,0.0
Ecopolitan (1),FY 18,2,2018-07-01,0.0
Ecopolitan (1),FY 18,3,2018-10-01,0.0
Ecopolitan (1),FY 18,4,2019-01-01,0.0
Ecopolitan (1),FY 19,1,2019-04-01,0.0
Ecopolitan (1),FY 19,2,2019-07-01,0.0
Ecopolitan (1),FY 19,3,2019-10-01,0.0
Ecopolitan (1),FY 19,4,2020-01-01,0.0
Ecopolitan (1),FY 20,1,2020-04-01,0.0
Ecopolitan (1),FY 20,2,2020-07-01,0.0
Ecopolitan (1),FY 20,3,2020-10-01,0.0
Ecopolitan (1),FY 20,4,2021-01-01,0.0
Ecopolitan (1),FY 21,1,2021-04-01,0.0
Ecopolitan (1),FY 21,2,2021-07-01,0.0
Ecopolitan (1),FY 21,3,2021-10-01,0.0
Ecopolitan (1),FY 21,4,2022-01-01,0.0
Ecopolitan (1),FY 22,1,2022-04-01,0.0
Ecopolitan (1),FY 22,2,2022-07-01,0.0
Ecopolitan (1),FY 22,3,2022-10-01,0.0
Ecopolitan (1),FY 22,4,2023-01-01,0.0
Ecopolitan (1),FY 23,1,2023-04-01,0.0
Ecopolitan (1),FY 23,2,2023-07-01,408.9533
Ecopolitan (1),FY 23,3,2023-10-01,81.4077
Ecopolitan (1),FY 23,4,2024-01-01,34.1343
Ecopolitan (1),FY 24,1,2024-04-01,7.8436
Ecopolitan (1),FY 24,2,2024-07-01,3.0872
Winworth,FY 18,1,2018-04-01,0.0
Winworth,FY 18,2,2018-07-01,0.0
Winworth,FY 18,3,2018-10-01,0.0
Winworth,FY 18,4,2019-01-01,0.0
Winworth,FY 19,1,2019-04-01,0.0
Winworth,FY 19,2,2019-07-01,0.0
Winworth,FY 19,3,2019-10-01,0.0
Winworth,FY 19,4,2020-01-01,0.0
Winworth,FY 20,1,2020-04-01,0.0
Winworth,FY 20,2,2020-07-01,0.0
Winworth,FY 20,3,2020-10-01,0.0
Winworth,FY 20,4,2021-01-01,0.0
Winworth,FY 21,1,2021-04-01,0.0
Winworth,FY 21,2,2021-07-01,0.0
Winworth,FY 21,3,2021-10-01,0.0
Winworth,FY 21,4,2022-01-01,86.9179
Winworth,FY 22,1,2022-04-01,71.5358
Winworth,FY 22,2,2022-07-01,60.1729
Winworth,FY 22,3,2022-10-01,39.3145
Winworth,FY 22,4,2023-01-01,23.4808
Winworth,FY 23,1,2023-04-01,19.8258
Winworth,FY 23,2,2023-07-01,18.1722
Winworth,FY 23,3,2023-10-01,16.6246
Winworth,FY 23,4,2024-01-01,7.0463
Winworth,FY 24,1,2024-04-01,15.6754
Winworth,FY 24,2,2024-07-01,29.4829
Adora De Goa (incl. owner share),FY 18,1,2018-04-01,0.0
Adora De Goa (incl. owner share),FY 18,2,2018-07-01,279.3487
Adora De Goa (incl. owner share),FY 18,3,2018-10-01,11.7615
Adora De Goa (incl. owner share),FY 18,4,2019-01-01,133.6729
Adora De Goa (incl. owner share),FY 19,1,2019-04-01,14.2306
Adora De Goa (incl. owner share),FY 19,2,2019-07-01,10.187
Adora De Goa (incl. owner share),FY 19,3,2019-10-01,12.1136
Adora De Goa (incl. owner share),FY 19,4,2020-01-01,7.7985
Adora De Goa (incl. owner share),FY 20,1,2020-04-01,3.5509
Adora De Goa (incl. owner share),FY 20,2,2020-07-01,11.3702
Adora De Goa (incl. owner share),FY 20,3,2020-10-01,6.7038
Adora De Goa (incl. owner share),FY 20,4,2021-01-01,13.6087
Adora De Goa (incl. owner share),FY 21,1,2021-04-01,6.3208
Adora De Goa (incl. owner share),FY 21,2,2021-07-01,8.8395
Adora De Goa (incl. owner share),FY 21,3,2021-10-01,10.5967
Adora De Goa (incl. owner share),FY 21,4,2022-01-01,12.7855
Adora De Goa (incl. owner share),FY 22,1,2022-04-01,5.8789
Adora De Goa (incl. owner share),FY 22,2,2022-07-01,12.4372
Adora De Goa (incl. owner share),FY 22,3,2022-10-01,8.0373
Adora De Goa (incl. owner share),FY 22,4,2023-01-01,12.0993
Adora De Goa (incl. owner share),FY 23,1,2023-04-01,7.1944
Adora De Goa (incl. owner share),FY 23,2,2023-07-01,9.4599
Adora De Goa (incl. owner share),FY 23,3,2023-10-01,20.2407
Adora De Goa (incl. owner share),FY 23,4,2024-01-01,34.2745
Adora De Goa (incl. owner share),FY 24,1,2024-04-01,37.6336
Adora De Goa (incl. owner share),FY 24,2,2024-07-01,46.5585
Neora,FY 18,1,2018-04-01,0.0
Neora,FY 18,2,2018-07-01,4.28
Neora,FY 18,3,2018-10-01,18.9395
Neora,FY 18,4,2019-01-01,12.733
Neora,FY 19,1,2019-04-01,1.4857
Neora,FY 19,2,2019-07-01,3.4403
Neora,FY 19,3,2019-10-01,2.9911
Neora,FY 19,4,2020-01-01,0.9517
Neora,FY 20,1,2020-04-01,1.3928
Neora,FY 20,2,2020-07-01,1.8953
Neora,FY 20,3,2020-10-01,2.4219
Neora,FY 20,4,2021-01-01,3.9445
Neora,FY 21,1,2021-04-01,2.052
Neora,FY 21,2,2021-07-01,0.5315
Neora,FY 21,3,2021-10-01,1.7137
Neora,FY 21,4,2022-01-01,1.6367
Neora,FY 22,1,2022-04-01,0.53
Neora,FY 22,2,2022-07-01,5.5116
Neora,FY 22,3,2022-10-01,4.2511
Neora,FY 22,4,2023-01-01,7.4962
Neora,FY 23,1,2023-04-01,11.9608
Neora,FY 23,2,2023-07-01,18.9454
Neora,FY 23,3,2023-10-01,4.1726
Neora,FY 23,4,2024-01-01,12.3376
Neora,FY 24,1,2024-04-01,4.4941
Neora,FY 24,2,2024-07-01,0.5952
Capella (inc LO),FY 18,1,2018-04-01,0.0
Capella (inc LO),FY 18,2,2018-07-01,0.0
Capella (inc LO),FY 18,3,2018-10-01,0.0
Capella (inc LO),FY 18,4,2019-01-01,0.0
Capella (inc LO),FY 19,1,2019-04-01,0.0
Capella (inc LO),FY 19,2,2019-07-01,0.0
Capella (inc LO),FY 19,3,2019-10-01,33.3989
Capella (inc LO),FY 19,4,2020-01-01,7.8043
Capella (inc LO),FY 20,1,2020-04-01,1.4279
Capella (inc LO),FY 20,2,2020-07-01,7.2519
Capella (inc LO),FY 20,3,2020-10-01,6.1774
Capella (inc LO),FY 20,4,2021-01-01,14.7226
Capella (inc LO),FY 21,1,2021-04-01,3.6954
Capella (inc LO),FY 21,2,2021-07-01,6.2415
Capella (inc LO),FY 21,3,2021-10-01,8.882
Capella (inc LO),FY 21,4,2022-01-01,18.6198
Capella (inc LO),FY 22,1,2022-04-01,17.4023
Capella (inc LO),FY 22,2,2022-07-01,16.5795
Capella (inc LO),FY 22,3,2022-10-01,11.724
Capella (inc LO),FY 22,4,2023-01-01,31.4775
Capella (inc LO),FY 23,1,2023-04-01,38.4241
Capella (inc LO),FY 23,2,2023-07-01,27.7381
Capella (inc LO),FY 23,3,2023-10-01,14.7695
Capella (inc LO),FY 23,4,2024-01-01,11.0197
Capella (inc LO),FY 24,1,2024-04-01,5.8087
Capella (inc LO),FY 24,2,2024-07-01,44.7103
Botanico* (incl. owner share),FY 18,1,2018-04-01,0.0
Botanico* (incl. owner share),FY 18,2,2018-07-01,0.0
Botanico* (incl. owner share),FY 18,3,2018-10-01,0.0
Botanico* (incl. owner share),FY 18,4,2019-01-01,0.0
Botanico* (incl. owner share),FY 19,1,2019-04-01,0.0
Botanico* (incl. owner share),FY 19,2,2019-07-01,0.0
Botanico* (incl. owner share),FY 19,3,2019-10-01,0.0
Botanico* (incl. owner share),FY 19,4,2020-01-01,0.0
Botanico* (incl. owner share),FY 20,1,2020-04-01,0.0
Botanico* (incl. owner share),FY 20,2,2020-07-01,0.0
Botanico* (incl. owner share),FY 20,3,2020-10-01,0.0
Botanico* (incl. owner share),FY 20,4,2021-01-01,0.0
Botanico* (incl. owner share),FY 21,1,2021-04-01,0.0
Botanico* (incl. owner share),FY 21,2,2021-07-01,0.0
Botanico* (incl. owner share),FY 21,3,2021-10-01,0.0
Botanico* (incl. owner share),FY 21,4,2022-01-01,0.0
Botanico* (incl. owner share),FY 22,1,2022-04-01,0.0
Botanico* (incl. owner share),FY 22,2,2022-07-01,0.0
Botanico* (incl. owner share),FY 22,3,2022-10-01,0.0
Botanico* (incl. owner share),FY 22,4,2023-01-01,0.0
Botanico* (incl. owner share),FY 23,1,2023-04-01,0.0
Botanico* (incl. owner share),FY 23,2,2023-07-01,0.0
Botanico* (incl. owner share),FY 23,3,2023-10-01,0.0
Botanico* (incl. owner share),FY 23,4,2024-01-01,243.3057
Botanico* (incl. owner share),FY 24,1,2024-04-01,146.7341
Botanico* (incl. owner share),FY 24,2,2024-07-01,187.3049
Park Square,FY 18,1,2018-04-01,0.005
Park Square,FY 18,2,2018-07-01,0.0674
Park Square,FY 18,3,2018-10-01,0.1576
Park Square,FY 18,4,2019-01-01,0.0484
Park Square,FY 19,1,2019-04-01,0.0627
Park Square,FY 19,2,2019-07-01,0.0951
Park Square,FY 19,3,2019-10-01,0.0644
Park Square,FY 19,4,2020-01-01,0.0672
Park Square,FY 20,1,2020-04-01,-0.0377
Park Square,FY 20,2,2020-07-01,0.0858
Park Square,FY 20,3,2020-10-01,0.0544
Park Square,FY 20,4,2021-01-01,0.0478
Park Square,FY 21,1,2021-04-01,0.0581
Park Square,FY 21,2,2021-07-01,0.0433
Park Square,FY 21,3,2021-10-01,0.0589
Park Square,FY 21,4,2022-01-01,0.0608
Park Square,FY 22,1,2022-04-01,0.1932
Park Square,FY 22,2,2022-07-01,0.0289
Park Square,FY 22,3,2022-10-01,0.0835
Park Square,FY 22,4,2023-01-01,0.0729
Park Square,FY 23,1,2023-04-01,0.0203
Park Square,FY 23,2,2023-07-01,0.0192
Park Square,FY 23,3,2023-10-01,0.0179
Park Square,FY 23,4,2024-01-01,0.0296
Park Square,FY 24,1,2024-04-01,0.0694
Park Square,FY 24,2,2024-07-01,0.0451
"Sunworth - Equinox (NPQR, KLM)",FY 18,1,2018-04-01,0.0
"Sunworth - Equinox (NPQR, KLM)",FY 18,2,2018-07-01,0.0
"Sunworth - Equinox (NPQR, KLM)",FY 18,3,2018-10-01,0.0
"Sunworth - Equinox (NPQR, KLM)",FY 18,4,2019-01-01,0.0
"Sunworth - Equinox (NPQR, KLM)",FY 19,1,2019-04-01,0.0
"Sunworth - Equinox (NPQR, KLM)",FY 19,2,2019-07-01,0.079
"Sunworth - Equinox (NPQR, KLM)",FY 19,3,2019-10-01,0.2371
"Sunworth - Equinox (NPQR, KLM)",FY 19,4,2020-01-01,0.7498
"Sunworth - Equinox (NPQR, KLM)",FY 20,1,2020-04-01,0.2043
"Sunworth - Equinox (NPQR, KLM)",FY 20,2,2020-07-01,0.1278
"Sunworth - Equinox (NPQR, KLM)",FY 20,3,2020-10-01,0.1257
"Sunworth - Equinox (NPQR, KLM)",FY 20,4,2021-01-01,0.1017
"Sunworth - Equinox (NPQR, KLM)",FY 21,1,2021-04-01,0.0901
"Sunworth - Equinox (NPQR, KLM)",FY 21,2,2021-07-01,0.2869
"Sunworth - Equinox (NPQR, KLM)",FY 21,3,2021-10-01,0.1946
"Sunworth - Equinox (NPQR, KLM)",FY 21,4,2022-01-01,0.1596
"Sunworth - Equinox (NPQR, KLM)",FY 22,1,2022-04-01,0.0685
"Sunworth - Equinox (NPQR, KLM)",FY 22,2,2022-07-01,0.0729
"Sunworth - Equinox (NPQR, KLM)",FY 22,3,2022-10-01,0.0749
"Sunworth - Equinox (NPQR, KLM)",FY 22,4,2023-01-01,0.0452
"Sunworth - Equinox (NPQR, KLM)",FY 23,1,2023-04-01,0.0474
"Sunworth - Equinox (NPQR, KLM)",FY 23,2,2023-07-01,0.0282
"Sunworth - Equinox (NPQR, KLM)",FY 23,3,2023-10-01,0.0236
"Sunworth - Equinox (NPQR, KLM)",FY 23,4,2024-01-01,0.0645
"Sunworth - Equinox (NPQR, KLM)",FY 24,1,2024-04-01,0.0203
"Sunworth - Equinox (NPQR, KLM)",FY 24,2,2024-07-01,0.0136
Sunworth - Future (GHJK),FY 18,1,2018-04-01,0.0
Sunworth - Future (GHJK),FY 18,2,2018-07-01,0.0
Sunworth - Future (GHJK),FY 18,3,2018-10-01,0.0
Sunworth - Future (GHJK),FY 18,4,2019-01-01,0.0
Sunworth - Future (GHJK),FY 19,1,2019-04-01,0.0
Sunworth - Future (GHJK),FY 19,2,2019-07-01,0.0
Sunworth - Future (GHJK),FY 19,3,2019-10-01,0.0
Sunworth - Future (GHJK),FY 19,4,2020-01-01,0.0
Sunworth - Future (GHJK),FY 20,1,2020-04-01,0.0
Sunworth - Future (GHJK),FY 20,2,2020-07-01,0.0
Sunworth - Future (GHJK),FY 20,3,2020-10-01,0.0
Sunworth - Future (GHJK),FY 20,4,2021-01-01,0.0
Sunworth - Future (GHJK),FY 21,1,2021-04-01,0.0
Sunworth - Future (GHJK),FY 21,2,2021-07-01,0.0
Sunworth - Future (GHJK),FY 21,3,2021-10-01,0.0
Sunworth - Future (GHJK),FY 21,4,2022-01-01,0.0
Sunworth - Future (GHJK),FY 22,1,2022-04-01,0.0
Sunworth - Future (GHJK),FY 22,2,2022-07-01,0.0
Sunworth - Future (GHJK),FY 22,3,2022-10-01,0.0
Sunworth - Future (GHJK),FY 22,4,2023-01-01,0.0
Sunworth - Future (GHJK),FY 23,1,2023-04-01,0.0
Sunworth - Future (GHJK),FY 23,2,2023-07-01,0.0
Sunworth - Future (GHJK),FY 23,3,2023-10-01,0.0
Sunworth - Future (GHJK),FY 23,4,2024-01-01,0.0
Sunworth - Future (GHJK),FY 24,1,2024-04-01,0.0
Sunworth - Future (GHJK),FY 24,2,2024-07-01,0.0
Deansgate (1),FY 18,1,2018-04-01,0.0
Deansgate (1),FY 18,2,2018-07-01,0.0
Deansgate (1),FY 18,3,2018-10-01,0.0
Deansgate (1),FY 18,4,2019-01-01,0.0
Deansgate (1),FY 19,1,2019-04-01,0.0
Deansgate (1),FY 19,2,2019-07-01,0.0
Deansgate (1),FY 19,3,2019-10-01,0.0
Deansgate (1),FY 19,4,2020-01-01,0.0
Deansgate (1),FY 20,1,2020-04-01,0.0
Deansgate (1),FY 20,2,2020-07-01,0.0
Deansgate (1),FY 20,3,2020-10-01,0.0
Deansgate (1),FY 20,4,2021-01-01,0.0
Deansgate (1),FY 21,1,2021-04-01,0.0
Deansgate (1),FY 21,2,2021-07-01,0.0
Deansgate (1),FY 21,3,2021-10-01,0.0
Deansgate (1),FY 21,4,2022-01-01,0.0
Deansgate (1),FY 22,1,2022-04-01,0.0
Deansgate (1),FY 22,2,2022-07-01,0.0
Deansgate (1),FY 22,3,2022-10-01,0.0
Deansgate (1),FY 22,4,2023-01-01,0.0
Deansgate (1),FY 23,1,2023-04-01,0.0
Deansgate (1),FY 23,2,2023-07-01,0.0
Deansgate (1),FY 23,3,2023-10-01,0.0527
Deansgate (1),FY 23,4,2024-01-01,0.0398
Deansgate (1),FY 24,1,2024-04-01,0.1207
Deansgate (1),FY 24,2,2024-07-01,0.0384
Ecopolitan (1),FY 18,1,2018-04-01,0.0
Ecopolitan (1),FY 18,2,2018-07-01,0.0
Ecopolitan (1),FY 18,3,2018-10-01,0.0
Ecopolitan (1),FY 18,4,2019-01-01,0.0
Ecopolitan (1),FY 19,1,2019-04-01,0.0
Ecopolitan (1),FY 19,2,2019-07-01,0.0
Ecopolitan (1),FY 19,3,2019-10-01,0.0
Ecopolitan (1),FY 19,4,2020-01-01,0.0
Ecopolitan (1),FY 20,1,2020-04-01,0.0
Ecopolitan (1),FY 20,2,2020-07-01,0.0
Ecopolitan (1),FY 20,3,2020-10-01,0.0
Ecopolitan (1),FY 20,4,2021-01-01,0.0
Ecopolitan (1),FY 21,1,2021-04-01,0.0
Ecopolitan (1),FY 21,2,2021-07-01,0.0
Ecopolitan (1),FY 21,3,2021-10-01,0.0
Ecopolitan (1),FY 21,4,2022-01-01,0.0
Ecopolitan (1),FY 22,1,2022-04-01,0.0
Ecopolitan (1),FY 22,2,2022-07-01,0.0
Ecopolitan (1),FY 22,3,2022-10-01,0.0
Ecopolitan (1),FY 22,4,2023-01-01,0.0
Ecopolitan (1),FY 23,1,2023-04-01,0.0
Ecopolitan (1),FY 23,2,2023-07-01,0.0067
Ecopolitan (1),FY 23,3,2023-10-01,0.086
Ecopolitan (1),FY 23,4,2024-01-01,0.2292
Ecopolitan (1),FY 24,1,2024-04-01,0.4136
Ecopolitan (1),FY 24,2,2024-07-01,0.6944
Winworth,FY 18,1,2018-04-01,0.0
Winworth,FY 18,2,2018-07-01,0.0
Winworth,FY 18,3,2018-10-01,0.0
Winworth,FY 18,4,2019-01-01,0.0
Winworth,FY 19,1,2019-04-01,0.0
Winworth,FY 19,2,2019-07-01,0.0
Winworth,FY 19,3,2019-10-01,0.0
Winworth,FY 19,4,2020-01-01,0.0
Winworth,FY 20,1,2020-04-01,0.0
Winworth,FY 20,2,2020-07-01,0.0
Winworth,FY 20,3,2020-10-01,0.0
Winworth,FY 20,4,2021-01-01,0.0
Winworth,FY 21,1,2021-04-01,0.0
Winworth,FY 21,2,2021-07-01,0.0
Winworth,FY 21,3,2021-10-01,0.0
Winworth,FY 21,4,2022-01-01,0.0389
Winworth,FY 22,1,2022-04-01,0.0251
Winworth,FY 22,2,2022-07-01,0.0578
Winworth,FY 22,3,2022-10-01,0.052
Winworth,FY 22,4,2023-01-01,0.1244
Winworth,FY 23,1,2023-04-01,0.1019
Winworth,FY 23,2,2023-07-01,0.116
Winworth,FY 23,3,2023-10-01,0.1267
Winworth,FY 23,4,2024-01-01,0.3236
Winworth,FY 24,1,2024-04-01,0.063
Winworth,FY 24,2,2024-07-01,0.0432
Adora De Goa (incl. owner share),FY 18,1,2018-04-01,0.0
Adora De Goa (incl. owner share),FY 18,2,2018-07-01,0.0247
Adora De Goa (incl. owner share),FY 18,3,2018-10-01,0.1584
Adora De Goa (incl. owner share),FY 18,4,2019-01-01,0.0353
Adora De Goa (incl. owner share),FY 19,1,2019-04-01,0.222
Adora De Goa (incl. owner share),FY 19,2,2019-07-01,0.2313
Adora De Goa (incl. owner share),FY 19,3,2019-10-01,0.1833
Adora De Goa (incl. owner share),FY 19,4,2020-01-01,0.171
Adora De Goa (incl. owner share),FY 20,1,2020-04-01,0.1477
Adora De Goa (incl. owner share),FY 20,2,2020-07-01,0.0725
Adora De Goa (incl. owner share),FY 20,3,2020-10-01,0.0924
Adora De Goa (incl. owner share),FY 20,4,2021-01-01,0.0481
Adora De Goa (incl. owner share),FY 21,1,2021-04-01,0.047
Adora De Goa (incl. owner share),FY 21,2,2021-07-01,0.0541
Adora De Goa (incl. owner share),FY 21,3,2021-10-01,0.0958
Adora De Goa (incl. owner share),FY 21,4,2022-01-01,0.0627
Adora De Goa (incl. owner share),FY 22,1,2022-04-01,0.0938
Adora De Goa (incl. owner share),FY 22,2,2022-07-01,0.0716
Adora De Goa (incl. owner share),FY 22,3,2022-10-01,0.1297
Adora De Goa (incl. owner share),FY 22,4,2023-01-01,0.086
Adora De Goa (incl. owner share),FY 23,1,2023-04-01,0.0812
Adora De Goa (incl. owner share),FY 23,2,2023-07-01,0.058
Adora De Goa (incl. owner share),FY 23,3,2023-10-01,0.0464
Adora De Goa (incl. owner share),FY 23,4,2024-01-01,0.0388
Adora De Goa (incl. owner share),FY 24,1,2024-04-01,0.0312
Adora De Goa (incl. owner share),FY 24,2,2024-07-01,0.0173
Neora,FY 18,1,2018-04-01,0.0
Neora,FY 18,2,2018-07-01,0.0108
Neora,FY 18,3,2018-10-01,0.0856
Neora,FY 18,4,2019-01-01,0.1599
Neora,FY 19,1,2019-04-01,0.5642
Neora,FY 19,2,2019-07-01,0.1728
Neora,FY 19,3,2019-10-01,0.209
Neora,FY 19,4,2020-01-01,0.5167
Neora,FY 20,1,2020-04-01,0.179
Neora,FY 20,2,2020-07-01,0.1549
Neora,FY 20,3,2020-10-01,0.1798
Neora,FY 20,4,2021-01-01,0.1495
Neora,FY 21,1,2021-04-01,0.0239
Neora,FY 21,2,2021-07-01,0.5705
Neora,FY 21,3,2021-10-01,0.2115
Neora,FY 21,4,2022-01-01,0.2851
Neora,FY 22,1,2022-04-01,0.2276
Neora,FY 22,2,2022-07-01,0.019
Neora,FY 22,3,2022-10-01,0.0876
Neora,FY 22,4,2023-01-01,0.0242
Neora,FY 23,1,2023-04-01,0.0135
Neora,FY 23,2,2023-07-01,0.0096
Neora,FY 23,3,2023-10-01,0.0323
Neora,FY 23,4,2024-01-01,0.0051
Neora,FY 24,1,2024-04-01,0.0548
Neora,FY 24,2,2024-07-01,0.4211
Capella (inc LO),FY 18,1,2018-04-01,0.0
Capella (inc LO),FY 18,2,2018-07-01,0.0
Capella (inc LO),FY 18,3,2018-10-01,0.0
Capella (inc LO),FY 18,4,2019-01-01,0.0
Capella (inc LO),FY 19,1,2019-04-01,0.0
Capella (inc LO),FY 19,2,2019-07-01,0.0
Capella (inc LO),FY 19,3,2019-10-01,0.0756
Capella (inc LO),FY 19,4,2020-01-01,0.3101
Capella (inc LO),FY 20,1,2020-04-01,0.2137
Capella (inc LO),FY 20,2,2020-07-01,0.0863
Capella (inc LO),FY 20,3,2020-10-01,0.1745
Capella (inc LO),FY 20,4,2021-01-01,0.1367
Capella (inc LO),FY 21,1,2021-04-01,0.0587
Capella (inc LO),FY 21,2,2021-07-01,0.2129
Capella (inc LO),FY 21,3,2021-10-01,0.1864
Capella (inc LO),FY 21,4,2022-01-01,0.0691
Capella (inc LO),FY 22,1,2022-04-01,0.0464
Capella (inc LO),FY 22,2,2022-07-01,0.0434
Capella (inc LO),FY 22,3,2022-10-01,0.1062
Capella (inc LO),FY 22,4,2023-01-01,0.0386
Capella (inc LO),FY 23,1,2023-04-01,0.0246
Capella (inc LO),FY 23,2,2023-07-01,0.0395
Capella (inc LO),FY 23,3,2023-10-01,0.0526
Capella (inc LO),FY 23,4,2024-01-01,0.0565
Capella (inc LO),FY 24,1,2024-04-01,0.0802
Capella (inc LO),FY 24,2,2024-07-01,0.0095
Botanico* (incl. owner share),FY 18,1,2018-04-01,0.0
Botanico* (incl. owner share),FY 18,2,2018-07-01,0.0
Botanico* (incl. owner share),FY 18,3,2018-10-01,0.0
Botanico* (incl. owner share),FY 18,4,2019-01-01,0.0
Botanico* (incl. owner share),FY 19,1,2019-04-01,0.0
Botanico* (incl. owner share),FY 19,2,2019-07-01,0.0
Botanico* (incl. owner share),FY 19,3,2019-10-01,0.0
Botanico* (incl. owner share),FY 19,4,2020-01-01,0.0
Botanico* (incl. owner share),FY 20,1,2020-04-01,0.0
Botanico* (incl. owner share),FY 20,2,2020-07-01,0.0
Botanico* (incl. owner share),FY 20,3,2020-10-01,0.0
Botanico* (incl. owner share),FY 20,4,2021-01-01,0.0
Botanico* (incl. owner share),FY 21,1,2021-04-01,0.0
Botanico* (incl. owner share),FY 21,2,2021-07-01,0.0
Botanico* (incl. owner share),FY 21,3,2021-10-01,0.0
Botanico* (incl. owner share),FY 21,4,2022-01-01,0.0
Botanico* (incl. owner share),FY 22,1,2022-04-01,0.0
Botanico* (incl. owner share),FY 22,2,2022-07-01,0.0
Botanico* (incl. owner share),FY 22,3,2022-10-01,0.0
Botanico* (incl. owner share),FY 22,4,2023-01-01,0.0
Botanico* (incl. owner share),FY 23,1,2023-04-01,0.0
Botanico* (incl. owner share),FY 23,2,2023-07-01,0.0
Botanico* (incl. owner share),FY 23,3,2023-10-01,0.0
Botanico* (incl. owner share),FY 23,4,2024-01-01,0.0032
Botanico* (incl. owner share),FY 24,1,2024-04-01,0.0265
Botanico* (incl. owner share),FY 24,2,2024-07-01,0.0369
Park Square,FY 18,1,2018-04-01,0.005
Park Square,FY 18,2,2018-07-01,0.0177
Park Square,FY 18,3,2018-10-01,0.0332
Park Square,FY 18,4,2019-01-01,0.0378
Park Square,FY 19,1,2019-04-01,0.0401
Park Square,FY 19,2,2019-07-01,0.0424
Park Square,FY 19,3,2019-10-01,0.0434
Park Square,FY 19,4,2020-01-01,0.0442
Park Square,FY 20,1,2020-04-01,0.0429
Park Square,FY 20,2,2020-07-01,0.0446
Park Square,FY 20,3,2020-10-01,0.0451
Park Square,FY 20,4,2021-01-01,0.0453
Park Square,FY 21,1,2021-04-01,0.0455
Park Square,FY 21,2,2021-07-01,0.0454
Park Square,FY 21,3,2021-10-01,0.0458
Park Square,FY 21,4,2022-01-01,0.0466
Park Square,FY 22,1,2022-04-01,0.058
Park Square,FY 22,2,2022-07-01,0.0553
Park Square,FY 22,3,2022-10-01,0.0571
Park Square,FY 22,4,2023-01-01,0.0579
Park Square,FY 23,1,2023-04-01,0.0553
Park Square,FY 23,2,2023-07-01,0.0522
Park Square,FY 23,3,2023-10-01,0.0495
Park Square,FY 23,4,2024-01-01,0.0473
Park Square,FY 24,1,2024-04-01,0.0489
Park Square,FY 24,2,2024-07-01,0.0487
"Sunworth - Equinox (NPQR, KLM)",FY 18,1,2018-04-01,0.0
"Sunworth - Equinox (NPQR, KLM)",FY 18,2,2018-07-01,0.0
"Sunworth - Equinox (NPQR, KLM)",FY 18,3,2018-10-01,0.0
"Sunworth - Equinox (NPQR, KLM)",FY 18,4,2019-01-01,0.0
"Sunworth - Equinox (NPQR, KLM)",FY 19,1,2019-04-01,0.0
"Sunworth - Equinox (NPQR, KLM)",FY 19,2,2019-07-01,0.0896
"Sunworth - Equinox (NPQR, KLM)",FY 19,3,2019-10-01,0.167
"Sunworth - Equinox (NPQR, KLM)",FY 19,4,2020-01-01,0.2509
"Sunworth - Equinox (NPQR, KLM)",FY 20,1,2020-04-01,0.2476
"Sunworth - Equinox (NPQR, KLM)",FY 20,2,2020-07-01,0.2061
"Sunworth - Equinox (NPQR, KLM)",FY 20,3,2020-10-01,0.1793
"Sunworth - Equinox (NPQR, KLM)",FY 20,4,2021-01-01,0.1561
"Sunworth - Equinox (NPQR, KLM)",FY 21,1,2021-04-01,0.1535
"Sunworth - Equinox (NPQR, KLM)",FY 21,2,2021-07-01,0.1616
"Sunworth - Equinox (NPQR, KLM)",FY 21,3,2021-10-01,0.1655
"Sunworth - Equinox (NPQR, KLM)",FY 21,4,2022-01-01,0.165
"Sunworth - Equinox (NPQR, KLM)",FY 22,1,2022-04-01,0.1541
"Sunworth - Equinox (NPQR, KLM)",FY 22,2,2022-07-01,0.1468
"Sunworth - Equinox (NPQR, KLM)",FY 22,3,2022-10-01,0.1366
"Sunworth - Equinox (NPQR, KLM)",FY 22,4,2023-01-01,0.1216
"Sunworth - Equinox (NPQR, KLM)",FY 23,1,2023-04-01,0.1093
"Sunworth - Equinox (NPQR, KLM)",FY 23,2,2023-07-01,0.0965
"Sunworth - Equinox (NPQR, KLM)",FY 23,3,2023-10-01,0.0875
"Sunworth - Equinox (NPQR, KLM)",FY 23,4,2024-01-01,0.0857
"Sunworth - Equinox (NPQR, KLM)",FY 24,1,2024-04-01,0.0761
"Sunworth - Equinox (NPQR, KLM)",FY 24,2,2024-07-01,0.0713
Sunworth - Future (GHJK),FY 18,1,2018-04-01,0.0
Sunworth - Future (GHJK),FY 18,2,2018-07-01,0.0
Sunworth - Future (GHJK),FY 18,3,2018-10-01,0.0
Sunworth - Future (GHJK),FY 18,4,2019-01-01,0.0
Sunworth - Future (GHJK),FY 19,1,2019-04-01,0.0
Sunworth - Future (GHJK),FY 19,2,2019-07-01,0.0
Sunworth - Future (GHJK),FY 19,3,2019-10-01,0.0
Sunworth - Future (GHJK),FY 19,4,2020-01-01,0.0
Sunworth - Future (GHJK),FY 20,1,2020-04-01,0.0
Sunworth - Future (GHJK),FY 20,2,2020-07-01,0.0
Sunworth - Future (GHJK),FY 20,3,2020-10-01,0.0
Sunworth - Future (GHJK),FY 20,4,2021-01-01,0.0
Sunworth - Future (GHJK),FY 21,1,2021-04-01,0.0
Sunworth - Future (GHJK),FY 21,2,2021-07-01,0.0
Sunworth - Future (GHJK),FY 21,3,2021-10-01,0.0
Sunworth - Future (GHJK),FY 21,4,2022-01-01,0.0
Sunworth - Future (GHJK),FY 22,1,2022-04-01,0.0
Sunworth - Future (GHJK),FY 22,2,2022-07-01,0.0
Sunworth - Future (GHJK),FY 22,3,2022-10-01,0.0
Sunworth - Future (GHJK),FY 22,4,2023-01-01,0.0
Sunworth - Future (GHJK),FY 23,1,2023-04-01,0.0
Sunworth - Future (GHJK),FY 23,2,2023-07-01,0.0
Sunworth - Future (GHJK),FY 23,3,2023-10-01,0.0
Sunworth - Future (GHJK),FY 23,4,2024-01-01,0.0
Sunworth - Future (GHJK),FY 24,1,2024-04-01,0.0
Sunworth - Future (GHJK),FY 24,2,2024-07-01,0.0019
Deansgate (1),FY 18,1,2018-04-01,0.0
Deansgate (1),FY 18,2,2018-07-01,0.0
Deansgate (1),FY 18,3,2018-10-01,0.0
Deansgate (1),FY 18,4,2019-01-01,0.0
Deansgate (1),FY 19,1,2019-04-01,0.0
Deansgate (1),FY 19,2,2019-07-01,0.0
Deansgate (1),FY 19,3,2019-10-01,0.0
Deansgate (1),FY 19,4,2020-01-01,0.0
Deansgate (1),FY 20,1,2020-04-01,0.0
Deansgate (1),FY 20,2,2020-07-01,0.0
Deansgate (1),FY 20,3,2020-10-01,0.0
Deansgate (1),FY 20,4,2021-01-01,0.0
Deansgate (1),FY 21,1,2021-04-01,0.0
Deansgate (1),FY 21,2,2021-07-01,0.0
Deansgate (1),FY 21,3,2021-10-01,0.0
Deansgate (1),FY 21,4,2022-01-01,0.0
Deansgate (1),FY 22,1,2022-04-01,0.0
Deansgate (1),FY 22,2,2022-07-01,0.0
Deansgate (1),FY 22,3,2022-10-01,0.0
Deansgate (1),FY 22,4,2023-01-01,0.0
Deansgate (1),FY 23,1,2023-04-01,0.0
Deansgate (1),FY 23,2,2023-07-01,0.0
Deansgate (1),FY 23,3,2023-10-01,0.0857
Deansgate (1),FY 23,4,2024-01-01,0.065
Deansgate (1),FY 24,1,2024-04-01,0.0751
Deansgate (1),FY 24,2,2024-07-01,0.0658
Ecopolitan (1),FY 18,1,2018-04-01,0.0
Ecopolitan (1),FY 18,2,2018-07-01,0.0
Ecopolitan (1),FY 18,3,2018-10-01,0.0
Ecopolitan (1),FY 18,4,2019-01-01,0.0
Ecopolitan (1),FY 19,1,2019-04-01,0.0
Ecopolitan (1),FY 19,2,2019-07-01,0.0
Ecopolitan (1),FY 19,3,2019-10-01,0.0
Ecopolitan (1),FY 19,4,2020-01-01,0.0
Ecopolitan (1),FY 20,1,2020-04-01,0.0
Ecopolitan (1),FY 20,2,2020-07-01,0.0
Ecopolitan (1),FY 20,3,2020-10-01,0.0
Ecopolitan (1),FY 20,4,2021-01-01,0.0
Ecopolitan (1),FY 21,1,2021-04-01,0.0
Ecopolitan (1),FY 21,2,2021-07-01,0.0
Ecopolitan (1),FY 21,3,2021-10-01,0.0
Ecopolitan (1),FY 21,4,2022-01-01,0.0
Ecopolitan (1),FY 22,1,2022-04-01,0.0
Ecopolitan (1),FY 22,2,2022-07-01,0.0
Ecopolitan (1),FY 22,3,2022-10-01,0.0
Ecopolitan (1),FY 22,4,2023-01-01,0.0
Ecopolitan (1),FY 23,1,2023-04-01,0.0
Ecopolitan (1),FY 23,2,2023-07-01,0.0072
Ecopolitan (1),FY 23,3,2023-10-01,0.0203
Ecopolitan (1),FY 23,4,2024-01-01,0.0339
Ecopolitan (1),FY 24,1,2024-04-01,0.0394
Ecopolitan (1),FY 24,2,2024-07-01,0.0432
Winworth,FY 18,1,2018-04-01,0.0
Winworth,FY 18,2,2018-07-01,0.0
Winworth,FY 18,3,2018-10-01,0.0
Winworth,FY 18,4,2019-01-01,0.0
Winworth,FY 19,1,2019-04-01,0.0
Winworth,FY 19,2,2019-07-01,0.0
Winworth,FY 19,3,2019-10-01,0.0
Winworth,FY 19,4,2020-01-01,0.0
Winworth,FY 20,1,2020-04-01,0.0
Winworth,FY 20,2,2020-07-01,0.0
Winworth,FY 20,3,2020-10-01,0.0
Winworth,FY 20,4,2021-01-01,0.0
Winworth,FY 21,1,2021-04-01,0.0
Winworth,FY 21,2,2021-07-01,0.0
Winworth,FY 21,3,2021-10-01,0.0
Winworth,FY 21,4,2022-01-01,0.0395
Winworth,FY 22,1,2022-04-01,0.033
Winworth,FY 22,2,2022-07-01,0.0398
Winworth,FY 22,3,2022-10-01,0.0417
Winworth,FY 22,4,2023-01-01,0.0486
Winworth,FY 23,1,2023-04-01,0.0521
Winworth,FY 23,2,2023-07-01,0.0557
Winworth,FY 23,3,2023-10-01,0.0592
Winworth,FY 23,4,2024-01-01,0.0647
Winworth,FY 24,1,2024-04-01,0.0646
Winworth,FY 24,2,2024-07-01,0.063
Adora De Goa (incl. owner share),FY 18,1,2018-04-01,0.0
Adora De Goa (incl. owner share),FY 18,2,2018-07-01,0.0374
Adora De Goa (incl. owner share),FY 18,3,2018-10-01,0.0423
Adora De Goa (incl. owner share),FY 18,4,2019-01-01,0.0401
Adora De Goa (incl. owner share),FY 19,1,2019-04-01,0.046
Adora De Goa (incl. owner share),FY 19,2,2019-07-01,0.0502
Adora De Goa (incl. owner share),FY 19,3,2019-10-01,0.0537
Adora De Goa (incl. owner share),FY 19,4,2020-01-01,0.0556
Adora De Goa (incl. owner share),FY 20,1,2020-04-01,0.0563
Adora De Goa (incl. owner share),FY 20,2,2020-07-01,0.0567
Adora De Goa (incl. owner share),FY 20,3,2020-10-01,0.0572
Adora De Goa (incl. owner share),FY 20,4,2021-01-01,0.0569
Adora De Goa (incl. owner share),FY 21,1,2021-04-01,0.0568
Adora De Goa (incl. owner share),FY 21,2,2021-07-01,0.0568
Adora De Goa (incl. owner share),FY 21,3,2021-10-01,0.0575
Adora De Goa (incl. owner share),FY 21,4,2022-01-01,0.0577
Adora De Goa (incl. owner share),FY 22,1,2022-04-01,0.0581
Adora De Goa (incl. owner share),FY 22,2,2022-07-01,0.0584
Adora De Goa (incl. owner share),FY 22,3,2022-10-01,0.0594
Adora De Goa (incl. owner share),FY 22,4,2023-01-01,0.0599
Adora De Goa (incl. owner share),FY 23,1,2023-04-01,0.0602
Adora De Goa (incl. owner share),FY 23,2,2023-07-01,0.0601
Adora De Goa (incl. owner share),FY 23,3,2023-10-01,0.0597
Adora De Goa (incl. owner share),FY 23,4,2024-01-01,0.0586
Adora De Goa (incl. owner share),FY 24,1,2024-04-01,0.0571
Adora De Goa (incl. owner share),FY 24,2,2024-07-01,0.0546
Neora,FY 18,1,2018-04-01,0.0
Neora,FY 18,2,2018-07-01,0.0108
Neora,FY 18,3,2018-10-01,0.0718
Neora,FY 18,4,2019-01-01,0.103
Neora,FY 19,1,2019-04-01,0.1213
Neora,FY 19,2,2019-07-01,0.1256
Neora,FY 19,3,2019-10-01,0.1313
Neora,FY 19,4,2020-01-01,0.1395
Neora,FY 20,1,2020-04-01,0.1407
Neora,FY 20,2,2020-07-01,0.1412
Neora,FY 20,3,2020-10-01,0.1431
Neora,FY 20,4,2021-01-01,0.1436
Neora,FY 21,1,2021-04-01,0.1392
Neora,FY 21,2,2021-07-01,0.1432
Neora,FY 21,3,2021-10-01,0.1452
Neora,FY 21,4,2022-01-01,0.149
Neora,FY 22,1,2022-04-01,0.1497
Neora,FY 22,2,2022-07-01,0.1388
Neora,FY 22,3,2022-10-01,0.1358
Neora,FY 22,4,2023-01-01,0.1251
Neora,FY 23,1,2023-04-01,0.1103
Neora,FY 23,2,2023-07-01,0.0928
Neora,FY 23,3,2023-10-01,0.0906
Neora,FY 23,4,2024-01-01,0.0822
Neora,FY 24,1,2024-04-01,0.0812
Neora,FY 24,2,2024-07-01,0.0828
Capella (inc LO),FY 18,1,2018-04-01,0.0
Capella (inc LO),FY 18,2,2018-07-01,0.0
Capella (inc LO),FY 18,3,2018-10-01,0.0
Capella (inc LO),FY 18,4,2019-01-01,0.0
Capella (inc LO),FY 19,1,2019-04-01,0.0
Capella (inc LO),FY 19,2,2019-07-01,0.0
Capella (inc LO),FY 19,3,2019-10-01,0.0931
Capella (inc LO),FY 19,4,2020-01-01,0.1342
Capella (inc LO),FY 20,1,2020-04-01,0.1369
Capella (inc LO),FY 20,2,2020-07-01,0.1295
Capella (inc LO),FY 20,3,2020-10-01,0.1345
Capella (inc LO),FY 20,4,2021-01-01,0.1349
Capella (inc LO),FY 21,1,2021-04-01,0.1312
Capella (inc LO),FY 21,2,2021-07-01,0.1375
Capella (inc LO),FY 21,3,2021-10-01,0.1423
Capella (inc LO),FY 21,4,2022-01-01,0.1297
Capella (inc LO),FY 22,1,2022-04-01,0.1182
Capella (inc LO),FY 22,2,2022-07-01,0.1095
Capella (inc LO),FY 22,3,2022-10-01,0.1092
Capella (inc LO),FY 22,4,2023-01-01,0.0972
Capella (inc LO),FY 23,1,2023-04-01,0.0848
Capella (inc LO),FY 23,2,2023-07-01,0.0798
Capella (inc LO),FY 23,3,2023-10-01,0.0783
Capella (inc LO),FY 23,4,2024-01-01,0.0774
Capella (inc LO),FY 24,1,2024-04-01,0.0775
Capella (inc LO),FY 24,2,2024-07-01,0.0682
Botanico* (incl. owner share),FY 18,1,2018-04-01,0.0
Botanico* (incl. owner share),FY 18,2,2018-07-01,0.0
Botanico* (incl. owner share),FY 18,3,2018-10-01,0.0
Botanico* (incl. owner share),FY 18,4,2019-01-01,0.0
Botanico* (incl. owner share),FY 19,1,2019-04-01,0.0
Botanico* (incl. owner share),FY 19,2,2019-07-01,0.0
Botanico* (incl. owner share),FY 19,3,2019-10-01,0.0
Botanico* (incl. owner share),FY 19,4,2020-01-01,0.0
Botanico* (incl. owner share),FY 20,1,2020-04-01,0.0
Botanico* (incl. owner share),FY 20,2,2020-07-01,0.0
Botanico* (incl. owner share),FY 20,3,2020-10-01,0.0
Botanico* (incl. owner share),FY 20,4,2021-01-01,0.0
Botanico* (incl. owner share),FY 21,1,2021-04-01,0.0
Botanico* (incl. owner share),FY 21,2,2021-07-01,0.0
Botanico* (incl. owner share),FY 21,3,2021-10-01,0.0
Botanico* (incl. owner share),FY 21,4,2022-01-01,0.0
Botanico* (incl. owner share),FY 22,1,2022-04-01,0.0
Botanico* (incl. owner share),FY 22,2,2022-07-01,0.0
Botanico* (incl. owner share),FY 22,3,2022-10-01,0.0
Botanico* (incl. owner share),FY 22,4,2023-01-01,0.0
Botanico* (incl. owner share),FY 23,1,2023-04-01,0.0
Botanico* (incl. owner share),FY 23,2,2023-07-01,0.0
Botanico* (incl. owner share),FY 23,3,2023-10-01,0.0
Botanico* (incl. owner share),FY 23,4,2024-01-01,0.0105
Botanico* (incl. owner share),FY 24,1,2024-04-01,0.0165
Botanico* (incl. owner share),FY 24,2,2024-07-01,0.0231
